업소명,업종명,서비스대상구분,소재지도로명주소,객실수
계곡펜션,민박,내국인,충청남도 천안시 동남구 광덕면 해수길 193,3
티엔펜션,민박,내국인,충청남도 천안시 서북구 성환읍 성환18길 28,3
소풍,민박,내국인,충청남도 천안시 동남구 북면 매송6길 2-39,2
호두나무펜션,민박,내국인,충청남도 천안시 동남구 광덕면 해수길 61-27(2동),1
힐마루펜션,민박,내국인,충청남도 천안시 동남구 풍세면 공수골2길 24-8,2
힐마루펜션3호,민박,내국인,충청남도 천안시 동남구 풍세면 공수골2길 24-12,1
차령펠리스,민박,내국인,충청남도 천안시 동남구 광덕면 차령고개로 473,1
잠꽃펜션,민박,내국인,충청남도 천안시 동남구 광덕면 해수길 195,2
솔솔바람,민박,내국인,충청남도 천안시 동남구 북면 위례성로 774,1
솔지,민박,내국인,충청남도 천안시 동남구 광덕면 보산원2길 37-41,1
3.1펜션,민박,내국인,충청남도 천안시 동남구 병천면 관성3길 150-28,3
금리마을펜션,민박,내국인,충청남도 천안시 동남구 목천읍 삼방로 953,2
장승배기체험농장민박,민박,내국인,충청남도 천안시 동남구 성남면 성남신덕1길 228,2
벗길민박,민박,내국인,충청남도 천안시 동남구 광덕면 해수길 109,2
길벗민박,민박,내국인,충청남도 천안시 동남구 광덕면 해수길 107,2
동화호수민박,민박,내국인,충청남도 천안시 서북구 성거읍 천흥4길 201-66,5
동굴민박,민박,내국인,충청남도 천안시 서북구 성거읍 천흥4길201-18,3
동화민박,민박,내국인,충청남도 천안시 서북구 성거읍 천흥4길201-77,3
위례성농원민박,민박,내국인,충청남도 천안시 동남구 북면 위례성로 733,4
라온하우스민박,민박,내국인,충청남도 천안시 동남구 북면 위례성로 865-11,3
별장골민박,민박,내국인,충청남도 천안시 동남구 북면 양곡1길 2,3
마실,민박,내국인,충청남도 천안시 동남구 목천읍 덕전1길 92-6,2
여울채민박,민박,내국인,충청남도 천안시 동남구 광덕면 성산1길 67-64,2
호수별장펜션,민박,내국인,충청남도 천안시 서북구 입장면 기로2길 79-10,2
양지별밤,민박,내국인,충청남도 천안시 동남구 광덕면 지장길 317-30,3
칠이삼농원민박,민박,내국인,충청남도 천안시 동남구 목천읍 삼방로 723,2
천안OK민박,민박,내국인,충청남도 천안시 동남구 북면 오곡1길 4-29,5
지장황토민박,민박,내국인,충청남도 천안시 동남구 광덕면 지장길 136-16,2
다인,민박,내국인,충청남도 천안시 동남구 광덕면 해사동길 82-1,1
꽃잠펜션,민박,내국인,충청남도 천안시 동남구 광덕면 해수길 191,1
둥구나무민박,민박,내국인,충청남도 천안시 동남구 북면 사담3길 7,1
프라미스,민박,내국인,충청남도 천안시 동남구 목천읍 삼방로 77-6,2
마메종펜션,민박,내국인,충청남도 천안시 동남구 광덕면 광풍로 210,1
맑은공기펜션,민박,내국인,충청남도 천안시 동남구 광덕면 해수길 274,6
무지개글램핑,민박,내국인,충청남도 천안시 동남구 문암로 224(안서동),10
화랑골민박,민박,내국인,충청남도 천안시 동남구 북면 양곡2길 90,4
힐링펜션,민박,내국인,충청남도 천안시 동남구 병천면 봉항4길 102,6
공유민박,민박,내국인,충청남도 천안시 서북구 입장면 기로2길 49,3
자연황토민박,민박,내국인,충청남도 천안시 동남구 목천읍 소사3길 166-5,2
한빛펜션,민박,내국인,충청남도 천안시 서북구 성환읍 성환18길 24,1
숲속의쉼터,민박,내국인,충청남도 천안시 동남구 성남면 약수로 15,7
동천골,민박,내국인,충청남도 천안시 동남구 광덕면 죽계2길 30,6
산울림펜션,민박,내국인,충청남도 천안시 동남구 목천읍 덕전1길 171,7
유왕별서,민박,내국인,충청남도 천안시 동남구 목천읍 유왕골1길 181,7
천안휴펜션,민박,내국인,충청남도 천안시 동남구 광덕면 휴암1길 17,3
은퇴농장,민박,내국인,충청남도 천안시 동남구 병천면 봉항4길 120,7
우리농원,민박,내국인,충청남도 천안시 동남구 병천면 봉항4길 97,6
산수펜션,민박,내국인,충청남도 천안시 동남구 광덕면 보산원1길 17,4
에벤에셀,민박,내국인,충청남도 천안시 동남구 북면 위례성로 1434-24,1
비피펜션,민박,내국인,충청남도 천안시 동남구 광덕면 휴암1길 18,1
천안황토한옥,민박,내국인,충청남도 천안시 동남구 목천읍 삼방로 77-11,2
풍경소리,민박,내국인,충청남도 천안시 동남구 북면 납안3길 159,2
여울목펜션,민박,내국인,충청남도 천안시 동남구 목천읍 삼방로 778-22,4
하얀집,민박,내국인,충청남도 천안시 동남구 목천읍 덕전1길 121,7
갈재산장,민박,내국인,충청남도 천안시 동남구 광덕면 해수길 348,5
곡두가든민박,민박,내국인+외국인,충청남도 공주시 정안면 산뱅이길 24,3
날마다소풍민박,민박,내국인+외국인,충청남도 공주시 정안면 월산송정길 194,1
소랭이개울가 민박,민박,내국인+외국인,충청남도 공주시 정안면 월산송정길 183-6,2
여울 민박,민박,내국인+외국인,충청남도 공주시 정안면 장원길 325-3,1
시골큰집 민박,민박,내국인+외국인,충청남도 공주시 정안면 정안마곡사로 754,2
월산펜션 민박,민박,내국인+외국인,충청남도 공주시 정안면 정안마곡사로 461-9,1
불당골 민박(관광농원),민박,내국인+외국인,충청남도 공주시 유구읍 문금길 325,3
멍석 민박,민박,내국인+외국인,충청남도 공주시 유구읍 백교노동길 333,2
공주코지테마펜션민박,민박,내국인+외국인,충청남도 공주시 유구읍 부곡산성로 399,4
동해농원민박,민박,내국인+외국인,충청남도 공주시 유구읍 부곡산성로 502,2
동해동 민박,민박,내국인+외국인,충청남도 공주시 유구읍 부곡산성로 331,3
세종펜션민박,민박,내국인+외국인,충청남도 공주시 유구읍 서모곡길 129,2
숲속의 루비 민박,민박,내국인+외국인,충청남도 공주시 유구읍 세동길 13,5
어루러진펜션,민박,내국인+외국인,충청남도 공주시 유구읍 양지뜸길 38,2
수성 민박,민박,내국인+외국인,충청남도 공주시 유구읍 유구마곡사로 495-6,4
땅우에 태양 민박,펜션,내국인+외국인,충청남도 공주시 유구읍 유구마곡사로 495-62,5
어울림펜션민박,민박,내국인+외국인,충청남도 공주시 유구읍 유구마곡사로 469,6
소랭이밤골민박,민박,내국인+외국인,충청남도 공주시 정안면 개티길 52,1
황혼의 뜰 이야기 민박,민박,내국인+외국인,충청남도 공주시 정안면 고성1길 236-12,2
통나무민박,민박,내국인+외국인,충청남도 공주시 사곡면 마곡사로 732,4
하늘마루 민박,민박,내국인+외국인,충청남도 공주시 사곡면 마곡사로 740,6
청빈낙원민박,펜션,내국인+외국인,충청남도 공주시 사곡면 마곡사로 760-15,2
마곡사힐링마을민박,민박,내국인+외국인,충청남도 공주시 사곡면 말구리길 11동1호,2
월정농원 민박,민박,내국인+외국인,충청남도 공주시 사곡면 모단길 16,2
이화민박,민박,내국인+외국인,충청남도 공주시 사곡면 아래안영골길 10-3,3
공주계곡 민박,민박,내국인+외국인,충청남도 공주시 사곡면 운정길 20,2
마곡사 가는길 민박,민박,내국인+외국인,충청남도 공주시 사곡면 운정길 74,7
장승마을도자기민박,민박,내국인+외국인,충청남도 공주시 사곡면 유구마곡사로 1231,3
상원골 황토 민박,민박,내국인+외국인,충청남도 공주시 사곡면 유구마곡사로 788,2
상원골민박,민박,내국인+외국인,충청남도 공주시 사곡면 유구마곡사로 877-2,4
하얀펜션민박,민박,내국인+외국인,충청남도 공주시 사곡면 정안마곡사로 1557,2
솔다리 민박,민박,내국인+외국인,충청남도 공주시 사곡면 정안마곡사로 1633,3
춤다리쉼터민박,민박,내국인+외국인,충청남도 공주시 사곡면 춤다리길 3,5
505펜션 민박,민박,내국인+외국인,충청남도 공주시 사곡면 호계황골길 43B동,4
허송세월민박,민박,내국인+외국인,충청남도 공주시 신풍면 대룡조평길 744-7,1
동막골민박,민박,내국인+외국인,충청남도 공주시 신풍면 평소평촌길 9-74,1
나르빅 민박,민박,내국인+외국인,충청남도 공주시 왕촌길 81(상왕동),5
체험농장 민박,민박,내국인+외국인,충청남도 공주시 우성면 뜸밭길 150,2
병아리체험농장 민박,민박,내국인+외국인,충청남도 공주시 우성면 뜸밭길 156,1
호수의정원민박(에덴관광농원),민박,내국인+외국인,충청남도 공주시 우성면 홍골길 71,6
산너울펜션 민박,민박,내국인+외국인,충청남도 공주시 유구읍 구계연종길 1501동,4
은적펜션민박,민박,내국인+외국인,충청남도 공주시 유구읍 구계연종길 434-31,1
녹수원 민박,민박,내국인+외국인,충청남도 공주시 유구읍 금계산로 919-11,3
에덴동산민박,민박,내국인+외국인,충청남도 공주시 유구읍 문금길 157-15,3
로베 민박,민박,내국인+외국인,충청남도 공주시 반포면 사봉길 64,1
상신돌담민박,민박,내국인+외국인,충청남도 공주시 반포면 상하신길 427,4
상신흙집민박,민박,내국인+외국인,충청남도 공주시 반포면 상하신길 429,4
계룡산등산로계곡민박,민박,내국인+외국인,충청남도 공주시 반포면 상하신길 461,3
상신계곡333민박,민박,내국인+외국인,충청남도 공주시 반포면 상하신길 463,3
레드민박,민박,내국인+외국인,충청남도 공주시 반포면 석봉길 131동,3
우리민박,민박,내국인+외국인,충청남도 공주시 반포면 석봉길 132동,3
블루민박,민박,내국인+외국인,충청남도 공주시 반포면 석봉길 171동,3
스카이민박,민박,내국인+외국인,충청남도 공주시 반포면 석봉길 172동,3
로뎀나무 민박,민박,내국인+외국인,충청남도 공주시 반포면 석봉길 38-3,2
휴 펜션 민박,민박,내국인+외국인,충청남도 공주시 반포면 석봉길 6-2 2동,3
금암산업 고향집쉼터 민박,민박,내국인+외국인,충청남도 공주시 반포면 원전말길 28-1,2
오월의 발코니 민박,민박,내국인+외국인,충청남도 공주시 반포면 제석골길 12-1,4
토담민박,민박,내국인+외국인,충청남도 공주시 반포면 제석골길 7-30,4
미강펜션민박,펜션,내국인+외국인,충청남도 공주시 반포면 제석골길 7-8,4
에메랄드민박,민박,내국인+외국인,충청남도 공주시 반포면 제석골길 31,1
밀물떼민박(당초 쉼터),민박,내국인+외국인,충청남도 공주시 반포면 제석골길 7-4,2
계룡산 신소 민박,민박,내국인+외국인,충청남도 공주시 반포면 하신소1길 9,2
윤 민박,민박,내국인+외국인,충청남도 공주시 반포면 학봉사기소길 12-15,5
계룡산은행나무민박,민박,내국인+외국인,충청남도 공주시 반포면 학봉사기소길 3-10,1
춤바위민박,민박,내국인+외국인,충청남도 공주시 사곡면 가교새알골길 7-4,3
공주알프스민박,민박,내국인+외국인,충청남도 공주시 사곡면 단평길 148-5,4
무지개민박,민박,내국인+외국인,충청남도 공주시 사곡면 단평길 178-3,1
굿모닝 민박,민박,내국인+외국인,충청남도 공주시 사곡면 단평길 2451동,1
공주하늘 민박,민박,내국인+외국인,충청남도 공주시 사곡면 단평길 251,3
고운민박,민박,내국인+외국인,충청남도 공주시 사곡면 단평길 2721동,3
고운풍경민박,민박,내국인+외국인,충청남도 공주시 사곡면 단평길 2722동,4
공주소풍펜션 민박,펜션,내국인+외국인,충청남도 공주시 사곡면 단평길 148-3,4
둥지민박,민박,내국인+외국인,충청남도 공주시 반포면 동학사1로 229-5,7
계룡산1박2일,민박,내국인+외국인,충청남도 공주시 반포면 동학사1로 236,3
또랑가 민박,민박,내국인+외국인,충청남도 공주시 반포면 동학사1로 239,4
더쉼민박,민박,내국인+외국인,충청남도 공주시 반포면 동학사1로 242,3
행복펜션 민박,민박,내국인+외국인,충청남도 공주시 반포면 동학사1로 2521동,3
하늘펜션 민박,민박,내국인+외국인,충청남도 공주시 반포면 동학사1로 2522동,3
로즈하우스민박,민박,내국인+외국인,충청남도 공주시 반포면 동학사1로 186-9,2
밤나무민박,민박,내국인+외국인,충청남도 공주시 반포면 동학사1로 221,1
소담민박,민박,내국인+외국인,충청남도 공주시 반포면 동학사1로 228,4
계룡산동학사민박,민박,내국인+외국인,충청남도 공주시 반포면 동학사1로 228-5,5
계룡산민박,민박,내국인+외국인,충청남도 공주시 반포면 동학사1로 228-7,7
문필봉민박,펜션,내국인+외국인,충청남도 공주시 반포면 동학사1로 229-1,7
웰컴 민박,민박,내국인+외국인,충청남도 공주시 반포면 동학사2로 16-1,6
계룡산 스테이 민박,민박,내국인+외국인,충청남도 공주시 반포면 동학사2로 16-2,4
인향 민박,민박,내국인+외국인,충청남도 공주시 반포면 동학사2로 32,4
산너머 남촌 민박,민박,내국인+외국인,충청남도 공주시 반포면 동학사2로 36,3
할마미아 민박,민박,내국인+외국인,충청남도 공주시 반포면 동학사2로 54,4
e-편한 민박,민박,내국인+외국인,충청남도 공주시 반포면 동학사2로 67,1
봄날처럼 민박,민박,내국인+외국인,충청남도 공주시 반포면 동학사2로 72,7
감자바우 민박,민박,내국인+외국인,충청남도 공주시 반포면 동학사2로 74,4
해피투게더민박,민박,내국인+외국인,충청남도 공주시 반포면 동학사2로 10,2
계룡산의아침민박,민박,내국인+외국인,충청남도 공주시 반포면 동학사2로 139,7
모두와 민박,민박,내국인+외국인,충청남도 공주시 반포면 동학사2로 16,5
사람과나무 민박,민박,내국인+외국인,충청남도 공주시 반포면 동학사2로 22,5
12월의 왈츠 민박,민박,내국인+외국인,충청남도 공주시 반포면 동학사2로 62,5
라임휴로즈마리 민박,민박,내국인+외국인,충청남도 공주시 반포면 사봉길 107-2,1
라임 휴 민박,민박,내국인+외국인,충청남도 공주시 반포면 사봉길 107-4,2
뿌띠뿌띠펜션 민박,펜션,내국인+외국인,충청남도 공주시 반포면 사봉길 125,4
그림이야기책펜션,민박,내국인+외국인,충청남도 금산군 진산면 진산로 872-11,1
자연인펜션,민박,내국인+외국인,충청남도 금산군 진산면 청징길 267,4
청강수반딧불이,민박,내국인+외국인,충청남도 금산군 진산면 청징길 73,3
금산적벽강은구슬펜션,민박,내국인+외국인,충청남도 금산군 부리면 적벽강1길 47-13,1
백학동민박,민박,내국인+외국인,충청남도 금산군 금산읍 금산로 1229-16,1
비단골,민박,내국인+외국인,충청남도 금산군 진산면 태고사로 550-24,4
장대울호수펜션,민박,내국인+외국인,,2
금산별빛팬션민박,민박,내국인+외국인,충청남도 금산군 진산면 청징길 161,2
레이크힐,민박,내국인+외국인,충청남도 금산군 추부면 검한1길 109,3
하늘아래,민박,내국인+외국인,충청남도 금산군 추부면 서대동기1길 156,3
이안하우스,민박,내국인+외국인,충청남도 금산군 추부면 성당로 136,5
솔바라기,민박,내국인+외국인,충청남도 금산군 추부면 홍골1길 171,4
푸르내민박,민박,내국인+외국인,충청남도 금산군 제원면 낙안길 76,1
에버그린,민박,내국인+외국인,충청남도 금산군 부리면 적벽강로 597,3
복이네민박,민박,내국인+외국인,충청남도 금산군 부리면 적벽강로 614,3
적벽강가든,민박,내국인+외국인,충청남도 금산군 부리면 적벽강로 774,2
인삼골민박,민박,내국인+외국인,충청남도 금산군 부리면 춘호길 74,4
은비네,민박,내국인+외국인,충청남도 금산군 부리면 적벽강로 577,2
하늘바람별의집,민박,내국인+외국인,충청남도 금산군 제원면 구억평촌1길 5,3
베리팜코리아민박,민박,내국인+외국인,충청남도 금산군 제원면 금강로 353-48,2
폭포민박촌,민박,내국인+외국인,충청남도 금산군 제원면 금강로 594,2
솔밭민박,민박,내국인+외국인,충청남도 금산군 제원면 낙안길 39-16,3
여울목산장,민박,내국인+외국인,충청남도 금산군 제원면 낙안길 9,2
초희하우스,민박,내국인+외국인,충청남도 금산군 제원면 새방이 1길 30,4
화이트캐슬TWO,민박,내국인+외국인,충청남도 금산군 제원면 신안천길 81-9,2
푸르네마을순이네,민박,내국인+외국인,충청남도 금산군 제원면 용강2길 41,2
쉴만한물가,민박,내국인+외국인,충청남도 금산군 제원면 용화로 225,6
달빛내린 팬션,민박,내국인+외국인,충청남도 금산군 제원면 월영산길 41-27,1
금강펜션,민박,내국인+외국인,충청남도 금산군 제원면 천내길 176(천내리 835-2),3
원골펜션,민박,내국인+외국인,충청남도 금산군 제원면 금강로 726,2
살구정민박,민박,내국인+외국인,충청남도 금산군 진산면 살구정길 178-14(행정리 448-3 외),3
무지개쉼터,민박,내국인+외국인,충청남도 금산군 진산면 열두봉길 398-5,1
사계절펜션민박,민박,내국인+외국인,충청남도 금산군 진산면 을음실길 116-2,6
둥지민박,민박,내국인+외국인,충청남도 금산군 진산면 을음실길 118,3
파랑새민박,민박,내국인+외국인,충청남도 금산군 진산면 휴양림로 1589,2
물소리,민박,내국인+외국인,충청남도 금산군 진산면 휴양림로 2431,4
소나무펜션,민박,내국인+외국인,충청남도 금산군 진산면 휴양림로 2447,5
돌바위펜션,민박,내국인+외국인,충청남도 금산군 부리면 수통3길 143,4
골드리버,민박,내국인+외국인,충청남도 금산군 부리면 수통3길 145,2
금산서울팬션,민박,내국인+외국인,충청남도 금산군 부리면 수통3길 147,3
쌍둥이민박,민박,내국인+외국인,충청남도 금산군 부리면 수통3길 153-9,7
레드민박,민박,내국인+외국인,충청남도 금산군 부리면 수통3길 153-10,7
블루민박,민박,내국인+외국인,충청남도 금산군 부리면 수통3길 153-9,5
무지개민박,민박,내국인+외국인,충청남도 금산군 부리면 신촌길 46-14,2
사계절민박,민박,내국인+외국인,충청남도 금산군 부리면 압수2길 21,3
페밀리민박,민박,내국인+외국인,충청남도 금산군 부리면 적벽강1길 15,4
리버빌팬션,민박,내국인+외국인,충청남도 금산군 부리면 적벽강로 426,3
논실,민박,내국인+외국인,충청남도 금산군 부리면 적벽강로 442-8,3
리버하우스,민박,내국인+외국인,충청남도 금산군 부리면 적벽강로 464,4
적벽강노을펜션,민박,내국인+외국인,충청남도 금산군 부리면 적벽강로 492,4
양각산장,민박,내국인+외국인,충청남도 금산군 부리면 적벽강로 559-69,2
다둥이팬션,민박,내국인+외국인,충청남도 금산군 부리면 농바우길 152-208,2
아방궁,민박,내국인+외국인,충청남도 금산군 부리면 무금로 1548-165,3
강그리기펜션,민박,내국인+외국인,충청남도 금산군 부리면 수통1길 4,7
숲펜션,민박,내국인+외국인,충청남도 금산군 남이면 느티골길 234(건천리 479-1),1
십이폭포민박,민박,내국인+외국인,충청남도 금산군 남이면 십이폭포로 202-89,2
시냇가민박,민박,내국인+외국인,충청남도 금산군 남이면 진악로 138-9,1
토람산골,민박,내국인+외국인,충청남도 금산군 남이면 휴양림로 144-13,2
하양까망,민박,내국인+외국인,충청남도 금산군 복수면 복수로 403,7
큰바위얼굴,민박,내국인+외국인,충청남도 금산군 군북면 복거리길 67,2
산꽃세상,민박,내국인+외국인,충청남도 금산군 군북면 희망마을길 12,1
보곡산골민박,민박,내국인+외국인,충청남도 금산군 군북면 지네말길 135,1
조약돌민박,민박,내국인+외국인,충청남도 금산군 남이면 거북바위길 10-35,1
느티골계곡민박,민박,내국인+외국인,충청남도 금산군 남이면 느티골길 15,4
하늘별빛펜션,민박,내국인,충청남도 부여군 은산면 지천로525번길 19-6,3
호반민박,민박,내국인,충청남도 부여군 규암면 호반로164번길 14,4
집,민박,내국인,충청남도 부여군 부여읍 반월로 25-2,4
수리재,민박,내국인,충청남도 부여군 세도면 성흥로 411,3
다래랑민박,민박,내국인,충청남도 부여군 은산면 충절로나령2길 80,2
초동민박,민박,내국인,충청남도 부여군 규암면 호반로164번길 12,3
여행자숙소 마당,민박,내국인,충청남도 부여군 부여읍 신동엽길 10,3
은산매화가든,민박,내국인,충청남도 부여군 은산면 매화로 70-6,7
남면관광농원,민박,내국인,충청남도 부여군 남면 금천서로8번길 40,2
전통한옥팬션,민박,내국인,충청남도 부여군 부여읍 정동로83번길 52,5
신동엽길펜션,민박,내국인,충청남도 부여군 부여읍 신동엽길 21-2,3
들꽃이야기,민박,내국인,충청남도 부여군 부여읍 서동로37번길 5-4 3동,2
민들레,민박,내국인,충청남도 부여군 부여읍 서동로37번길 5-4 2동,2
126mansion,민박,내국인,충청남도 부여군 규암면 라복로 76-10,1
편백하우스,민박,내국인,충청남도 부여군 부여읍 금성로175번길 21,1
합송리 994,민박,내국인,충청남도 부여군 규암면 흥수로 581-6 3동,1
진심반가,민박,내국인,충청남도 부여군 외산면 무량로 80 1동,2
해도듬펜션,민박,내국인+외국인,충청남도 서산시 팔봉면 호리1길 127-36,2
노을길,민박,내국인+외국인,충청남도 서산시 팔봉면 한월당로 21-20,4
파타야,민박,내국인+외국인,충청남도 서산시 팔봉면 호리1길 132-5,1
노을과바다,민박,내국인+외국인,충청남도 서산시 팔봉면 한월당로 21-54,3
황토기와집 펜션,민박,내국인+외국인,충청남도 서산시 운산면 마애삼존불길 88,1
블루로드 펜션,민박,내국인+외국인,충청남도 서산시 지곡면 중왕뱃마을길 10,2
삼길포 펜션,민박,내국인+외국인,충청남도 서산시 대산읍 삼길포5길 9-2,4
블루로드 펜션,민박,내국인+외국인,충청남도 서산시 지곡면 중왕뱃마을길 14,4
외갓집,민박,내국인+외국인,충청남도 서산시 음암면 진동길 237,2
간월도펜션.수산,민박,내국인+외국인,충청남도 서산시 부석면 간월도1길 63,6
바다사랑펜션타운2동,민박,내국인+외국인,충청남도 서산시 대산읍 광암4길 125,1
바다마루,민박,내국인+외국인,충청남도 서산시 팔봉면 호리1길 153-21,3
솔창펜션,민박,내국인+외국인,충청남도 서산시 팔봉면 호리1길 150,3
편안한민박펜션,펜션,내국인+외국인,충청남도 서산시 부석면 간월도2길 74-19,1
가야산휴펜션,민박,내국인+외국인,충청남도 서산시 운산면 마애삼존불길 150,3
김기현 가옥,민박,내국인+외국인,충청남도 서산시 음암면 한다리길 45,8
유기방 가옥,민박,내국인+외국인,충청남도 서산시 운산면 이문안길 72-10,8
하늘빛으로 물든새,펜션,내국인+외국인,충청남도 서산시 부석면 원적참새골길 139,4
백제의 미소,펜션,내국인+외국인,충청남도 서산시 운산면 봉운로 982-13,8
웅도민박,민박,내국인+외국인,충청남도 서산시 대산읍 웅도1길 36-1,3
벌천포민박,민박,내국인+외국인,충청남도 서산시 대산읍 벌천포길 62-20,7
갯마을민박,민박,내국인+외국인,충청남도 서산시 대산읍 삼길포2길 6-5,4
중왕뻘낚지민박,민박,내국인+외국인,충청남도 서산시 지곡면 어름들2길 70,4
대산항민박,민박,내국인+외국인,충청남도 서산시 대산읍 삼길포1로 28,7
수림가든민박,민박,내국인+외국인,충청남도 서산시 운산면 마애삼존불길 76-1,4
산수가든민박,민박,내국인+외국인,충청남도 서산시 운산면 마애삼존불길 29,4
청솔가든민박,민박,내국인+외국인,충청남도 서산시 운산면 마애삼존불길 259,3
서울가든,민박,내국인+외국인,충청남도 서산시 운산면 마애삼존불길 115-3,5
신선동민박,민박,내국인+외국인,충청남도 서산시 운산면 마애삼존불길 249-5,5
산천초목민박,민박,내국인+외국인,충청남도 서산시 운산면 마애삼존불길 158,4
용천골민박,민박,내국인+외국인,충청남도 서산시 운산면 마애삼존불길 101-1,3
웅도동편민박,민박,내국인+외국인,충청남도 서산시 대산읍 웅도1길 36-1,3
해변민박,민박,내국인+외국인,충청남도 서산시 대산읍 삼길포2길 1,6
갯마을민박,민박,내국인+외국인,충청남도 서산시 팔봉면 팔봉1로 744,5
자연산장민박,민박,내국인+외국인,충청남도 서산시 해미면 산수2길 79-1,7
호리펜션10동,민박,내국인+외국인,충청남도 서산시 팔봉면 호리1길 135-12,4
호리e펜션,민박,내국인+외국인,충청남도 서산시 팔봉면 호리1길 149,4
호리펜션5동,민박,내국인+외국인,충청남도 서산시 팔봉면 호리1길 135-2,4
쌍둥이민박,민박,내국인+외국인,충청남도 서산시 부석면 창리2길 31,7
간월민박,민박,내국인+외국인,충청남도 서산시 부석면 간월도1길 49,4
천수만민박,민박,내국인+외국인,충청남도 서산시 부석면 간월벗말길 35-2,4
현대민박,민박,내국인+외국인,충청남도 서산시 부석면 간월벗말길 35-3,4
황금펜션,민박,내국인+외국인,충청남도 서산시 부석면 무학로 99,7
쎄이블루펜션,민박,내국인+외국인,충청남도 서산시 팔봉면 호리1길 151,4
웅도리둥둥바위민박,민박,내국인+외국인,충청남도 서산시 대산읍 웅도2길 136,1
산장민박,민박,내국인+외국인,충청남도 서산시 팔봉면 어송5길 35,2
펜션로즈,민박,내국인+외국인,충청남도 서산시 팔봉면 한월당로 21-65,4
동화마을민박,민박,내국인+외국인,충청남도 서산시 고북면 농장중앙길 65,2
바다정원,민박,내국인+외국인,충청남도 서산시 팔봉면 호리영살길 124-4,2
사랑애,민박,내국인+외국인,충청남도 서산시 팔봉면 호리1길 135-6,2
품안에바다,민박,내국인+외국인,충청남도 서산시 팔봉면 호리1길 130-20,4
씨앤탤민박,민박,내국인+외국인,충청남도 서산시 대산읍 삼길포1로 57,3
숲속의민박,민박,내국인+외국인,충청남도 서산시 운산면 마애삼존불길 125-30,2
푸른산장민박,민박,내국인+외국인,충청남도 서산시 운산면 마애삼존불길 262,3
품안에바다-2,민박,내국인+외국인,충청남도 서산시 팔봉면 호리1길 135-4,2
호리펜션-9동,민박,내국인+외국인,충청남도 서산시 팔봉면 호리1길 135-10,3
노을빛정원,민박,내국인+외국인,충청남도 서산시 대산읍 광암4길 134,1
그림나래,민박,내국인+외국인,충청남도 서산시 팔봉면 한월당로 21-57,2
황토펜션,민박,내국인+외국인,충청남도 서산시 운산면 마애삼존불길 125-7,2
웅도스토리,민박,내국인+외국인,충청남도 서산시 대산읍 웅도1길 7,3
백제의 미소,민박,내국인+외국인,충청남도 서산시 운산면 봉운로 982-13,2
아쿠아펜션,민박,내국인+외국인,충청남도 서산시 팔봉면 호리1길 174,3
바다사랑펜션타운1동,민박,내국인+외국인,충청남도 서산시 대산읍 광암4길 138,2
이슬펜션,민박,내국인+외국인,충청남도 서산시 운산면 마애삼존불길 115-7,8
그린-힐,민박,내국인+외국인,충청남도 서산시 팔봉면 호리1길 137-17,5
남문토방펜션,민박,내국인+외국인,충청남도 서산시 부석면 간월벗말길 17-11,5
갯마을별장민박,민박,내국인+외국인,충청남도 서산시 지곡면 중왕연개길 96,2
황금펜션,민박,내국인+외국인,충청남도 서산시 팔봉면 고파도4길 68,4
도담별 민박,민박,내국인+외국인,충청남도 서산시 운산면 봉운로 1223,3
미소네,민박,내국인+외국인,충청남도 서산시 대산읍 삼길포5길 7-3,5
노을빛바다,민박,내국인+외국인,충청남도 서산시 팔봉면 호리영살길 124-4,2
아라메펜션,민박,내국인+외국인,충청남도 서산시 팔봉면 범머리길 82,3
바닷마을,민박,내국인+외국인,충청남도 서산시 대산읍 가로림로 695-49,2
산골마을민박,민박,내국인+외국인,충청남도 서산시 운산면 개심사로326-9,1
노을펜션,민박,내국인+외국인,충청남도 서산시 부석면 간월도1길 59-4,4
팜파스펜션,민박,내국인+외국인,충청남도 서산시 팔봉면 한월당로 21-63,4
모로아펜션,민박,내국인+외국인,충청남도 서산시 팔봉면 팔봉1로 698,3
시크릿펜션,민박,내국인+외국인,충청남도 서산시 해미면 일락골길 266,4
여행과꿈펜션,민박,내국인+외국인,충청남도 서산시 팔봉면 호리영살길 106-45,2
모드니에민박,민박,내국인+외국인,충청남도 서산시 대산읍 가로림로 468,1
서산바다펜션,민박,내국인+외국인,충청남도 서산시 팔봉면 호리1길 132-11,2
호리바다펜션,민박,내국인+외국인,충청남도 서산시 팔봉면 호리1길 139,1
하늘펜션,민박,내국인+외국인,충청남도 서산시 팔봉면 한월당로 46-16,1
서산소나무힐링,민박,내국인+외국인,충청남도 서산시 성연면 생동사동길 192-38,2
하늘바다,민박,내국인+외국인,충청남도 서산시 팔봉면 범머리길 114,2
시골나들이,민박,내국인+외국인,충청남도 서산시 지곡면 왕산이로 595,5
가야산펜션,민박,내국인+외국인,충청남도 서산시 운산면 마애삼존불길125-7,4
솔바다이야기,민박,내국인+외국인,충청남도 서산시 팔봉면 한월당로 21-55,3
착한쉼터펜션,민박,내국인+외국인,충청남도 서산시 팔봉면 덕송삼청개길86-48,3
용현계곡황토방펜션,민박,내국인+외국인,충청남도 서산시 운산면 마애삼존불길 85,1
힐링하우스민박,민박,내국인+외국인,충청남도 서산시 부석면 간월도1길 111,5
주식회사 상화원,펜션,내국인+외국인,충청남도 보령시 남포면 남포방조제로 408-52,13
신진펜션호텔,펜션,내국인+외국인,충청남도 보령시 대해로 882,17
비치하우스펜션,펜션,내국인+외국인,충청남도 보령시 오천면 원산도7길 117-28,7
케이씨에스주식회사,펜션,내국인+외국인,충청남도 보령시 남포면 남포방조제로 408-52 103동,2
대천하이펜션,펜션,내국인+외국인,충청남도 보령시 고잠2길 24,13
(주)한네트,펜션,내국인+외국인,충청남도 보령시 남포면 남포방조제로 408-52 104동,2
한국컴퓨터(주),펜션,내국인+외국인,충청남도 보령시 남포면 남포방조제로 408-52 101 204동,4
(주)케이씨티,펜션,내국인+외국인,충청남도 보령시 남포면 남포방조제로 408-52 102동,2
(주)한국문학사,펜션,내국인+외국인,충청남도 보령시 남포면 남포방조제로 408-52 205동,2
(주)한상개발,펜션,내국인+외국인,충청남도 보령시 남포면 남포방조제로 408-52 206동,2
유투관광펜션,펜션,내국인+외국인,충청남도 보령시 해수욕장9길 16-6,12
대천바다여행펜션,펜션,내국인+외국인,충청남도 보령시 고잠2길 16-18,11
난다펜션,펜션,내국인+외국인,충청남도 보령시 고잠2길 20-5,12
보헤미안펜션,펜션,내국인+외국인,충청남도 보령시 고잠2길 20-8,11
숨펜션,펜션,내국인+외국인,충청남도 보령시 해수욕장9길 2-27,11
도로시펜션,펜션,내국인+외국인,충청남도 보령시 고잠2길 8-22,10
바다조아펜션,펜션,내국인+외국인,충청남도 보령시 고잠2길 12-14,11
대천체리펜션,펜션,내국인+외국인,충청남도 보령시 해수욕장9길 2-19,16
동그라미펜션,펜션,내국인+외국인,충청남도 보령시 고잠2길 12-11,11
이글스파크펜션,펜션,내국인+외국인,충청남도 보령시 고잠2길 4-35,13
하루펜션,펜션,내국인+외국인,충청남도 보령시 고잠2길 8-24,10
달팽이펜션,펜션,내국인+외국인,충청남도 보령시 해수욕장9길 17,9
디어펜션,펜션,내국인+외국인,충청남도 보령시 해수욕장9길 9,10
대천뜨란체펜션,펜션,내국인+외국인,충청남도 보령시 고잠2길 16-16,12
카카오스토리,펜션,내국인+외국인,충청남도 보령시 고잠2길 8-15,11
별밤펜션,펜션,내국인+외국인,충청남도 보령시 해수욕장9길 23,10
솔밭해안가펜션,펜션,내국인+외국인,충청남도 보령시 남포면 용두욕장2길 24-22,12
더반힐리조트펜션,펜션,내국인+외국인,충청남도 보령시 오천면 오천해안로 557,6
백제의 미소,펜션,내국인+외국인,충청남도 서산시 운산면 봉운로 982-13,20
샤토 로리에,펜션,내국인+외국인,충청남도 논산시 벌곡면 수락계곡길 64,24
쁘띠 샹플랭(폐업),펜션,내국인+외국인,충청남도 논산시 벌곡면 수락계곡길 62,12
힐링펜션,펜션,내국인+외국인,충청남도 서천군 서면 춘장대길 62,20
황금나무펜션,펜션,내국인+외국인,충청남도 청양군 대치면 칠갑호길 208-13,1
화가의 정원,펜션,내국인+외국인,충청남도 태안군 남면 청포대길 94,14
빨간풍선,펜션,내국인+외국인,충청남도 태안군 남면 안면대로 1296-40,11
장꽁,펜션,내국인+외국인,충청남도 태안군 안면읍 해안관광로 510-5,8
가장자리,펜션,내국인+외국인,충청남도 태안군 남면 청포대길 98,13
지중해 아침1,펜션,내국인+외국인,충청남도 태안군 고남면 큰장돌길 141-98,11
지중해 아침2,펜션,내국인+외국인,충청남도 태안군 고남면 큰장돌길 141-98,11
팜비치,펜션,내국인+외국인,충청남도 태안군 남면 청포대길 57-34,13
나폴리,펜션,내국인+외국인,충청남도 태안군 남면 청포대길 96,15
장꽁(카멜리아),민박,내국인+외국인,충청남도 태안군 안면읍 해안관광로 510-5,7
마리나비치,펜션,내국인+외국인,충청남도 태안군 남면 몽대로 494-8,9
레이,펜션,내국인+외국인,충청남도 태안군 남면 청포대길 104,12
풍경,펜션,내국인+외국인,충청남도 태안군 원북면 나루터길 438-8,4
아라,펜션,내국인+외국인,충청남도 태안군 남면 몽산포길 67-34,7
청포대 하와이,펜션,내국인+외국인,충청남도 태안군 남면 청포대길 29,25
연포펜션,펜션,내국인+외국인,충청남도 태안군 근흥면 용도로 99,19
린더버그,펜션,내국인+외국인,충청남도 태안군 남면 마검포길 313-40,10
별궁,펜션,내국인+외국인,충청남도 태안군 이원면 원이로 2492,12
엘도라도,펜션,내국인+외국인,충청남도 태안군 남면 신온리 952-5,11
소나무풍경,펜션,내국인+외국인,충청남도 태안군 남면 별주부길 116,11
파인웰스SC,펜션,내국인+외국인,충청남도 태안군 안면읍 안면대로 2608-72,15
칸타빌레,펜션,내국인+외국인,충청남도 태안군 남면 청포대길 57-38,15
관광농원백화원,펜션,내국인+외국인,충청남도 태안군 태안읍 원이로 254-21,14
소소,펜션,내국인+외국인,충청남도 태안군 남면 안면대로 1296-36,7
태안 더 클래식,펜션,내국인+외국인,충청남도 태안군 남면 청포대길 57-60,12
그녀의 바다,펜션,내국인+외국인,충청남도 태안군 남면 청포대길 57-36,17
파도소리,펜션,내국인+외국인,충청남도 태안군 남면 몽대로 512-17,10
더큐브하우스리조트,펜션,내국인+외국인,충청남도 태안군 원북면 나루터길 324,8
마로니에펜션,펜션,내국인+외국인,충청남도 태안군 원북면 신두해변길 135,16
모석원,펜션,내국인+외국인,충청남도 태안군 고남면 안면대로 3741-119,22
별빛바다,펜션,내국인+외국인,충청남도 태안군 원북면 학암포길 21-37,24
해비알,펜션,내국인+외국인,충청남도 태안군 안면읍 방포1길 29,9
휴먼발리 (1~4동),펜션,내국인+외국인,충청남도 태안군 안면읍 풍어제길 44-21,25
팜카밀레,펜션,내국인+외국인,충청남도 태안군 남면 우운길 56-19,10
에벤에셀펜션,펜션,내국인+외국인,충청남도 태안군 원북면 신두해변길 39-4,16
안면도갤러리(폐업),펜션,내국인+외국인,충청남도 태안군 고남면 옷점길 147-102,16
오라이하우스,민박,내국인+외국인,충청남도 공주시 남문길 22,4
미나리깡,민박,내국인+외국인,충청남도 공주시 정자방1길 22-13,3
작은숲게스트하우스,민박,외국인,충청남도 공주시 제민천1길 35-1,1
펜션밀물떼,펜션,내국인+외국인,충청남도 공주시 반포면 제석골길 7-4,2
농업회사법인 주식회사 이안숲속,펜션,내국인+외국인,충청남도 공주시 반포면 수목원길 25,11
바다사랑,펜션,내국인+외국인,충청남도 보령시 대천항1길 67-30,14
고향펜션,펜션,내국인+외국인,충청남도 보령시 머드로 166,12
제일펜션,펜션,내국인+외국인,충청남도 보령시 해수욕장9길 6,12
블루비치,펜션,내국인+외국인,충청남도 보령시 머드로 132,14
아도니스,펜션,내국인+외국인,충청남도 보령시 머드로 134,14
썬샤인관광펜션,펜션,내국인+외국인,충청남도 보령시 해수욕장13길 14-18,10
해피데이펜션,펜션,내국인+외국인,충청남도 보령시 머드로 130,14
햇빛바다 관광펜션,펜션,내국인+외국인,충청남도 보령시 오천면 원산도7길 121,29
펜션좋은집,펜션,내국인+외국인,충청남도 보령시 머드로 176-11,6
대천올레펜션,펜션,내국인+외국인,충청남도 보령시 고잠2길 16-11,13
대천초록펜션,펜션,내국인+외국인,충청남도 보령시 고잠2길 20-6,13
대천로마펜션,펜션,내국인+외국인,충청남도 보령시 해수욕장13길 14-12,10
햇살콘도식펜션,펜션,내국인+외국인,충청남도 보령시 머드로 176-18,7
백조관광펜션,펜션,내국인+외국인,충청남도 보령시 머드로 176-26,12
대천놀러와펜션,펜션,내국인+외국인,충청남도 보령시 고잠2길 16-10,11
대천에코펜션,펜션,내국인+외국인,충청남도 보령시 고잠2길 16-17,13
수지펜션,펜션,내국인+외국인,충청남도 보령시 해수욕장9길 2-7,11
대천허브펜션,펜션,내국인+외국인,충청남도 보령시 고잠2길 20-7,15
마마펜션,펜션,내국인+외국인,충청남도 보령시 고잠2길 16-3,13
메모리펜션,펜션,내국인+외국인,충청남도 보령시 고잠2길 12-18,13
남당로뎀펜션,펜션,내국인+외국인,충청남도 홍성군 서부면 남당항로264번길 41,8
해변II,민박,내국인,충청남도 당진시 석문면 난지2길 90-8,2
밀레와루소,민박,내국인,충청남도 당진시 고대면 신곡길 31,1
난지펜션,민박,내국인,충청남도 당진시 석문면 난지2길 90-50,5
은봉,민박,내국인,충청남도 당진시 정미면 원당골1길 234,4
해뜨는 팬션,민박,내국인,충청남도 당진시 석문면 난지2길 90-22,6
해사랑,민박,내국인,충청남도 당진시 석문면 난지2길 90-5,4
진경원,민박,내국인,충청남도 당진시 순성면 대촌2길 111-30,2
만나펜션민박,민박,내국인,충청남도 당진시 석문면 장고항로 298,3
해비치펜션,민박,내국인,충청남도 당진시 석문면 대호만로 1930-30,3
숨365,민박,내국인,충청남도 당진시 송산면 석문방조제로 486-35,3
당진민화,민박,내국인,충청남도 당진시 송산면 산북동길 17-18,2
해나루펜션,민박,내국인,충청남도 당진시 석문면 난지2길 90-36,6
하모니,민박,내국인,충청남도 당진시 석문면 석문해안로 350-4,3
아름다운,민박,내국인,충청남도 당진시 석문면 석문해안로 350-14,3
양유리민박,민박,내국인,충청남도 당진시 순성면 대촌2길 106-16,1
초락나루,민박,내국인,충청남도 당진시 석문면 감목길 154,4
꿈꾸는 펜션,민박,내국인,충청남도 당진시 석문면 새골길 103-27,2
왜목바다펜션,민박,내국인,충청남도 당진시 석문면 새골길 103-33,1
아라파니펜션,민박,내국인,충청남도 당진시 석문면 새골길 103-31,1
마니골펜션,민박,내국인,충청남도 당진시 석문면 새골길 103-29,2
당진산타로사,민박,내국인,충청남도 당진시 우두로 83,8
은빛바다,민박,내국인,충청남도 당진시 석문면 난지2길 90-14,5
하얀민박,민박,내국인,충청남도 당진시 석문면 장고항로 313,2
나들팜,민박,내국인,충청남도 당진시 정미면 회천로 494-6,1
해변민박,민박,내국인,충청남도 당진시 난지2길 90-10,2
하은민박,민박,내국인,충청남도 당진시 석문면 난지2길 7-4,5
서해펜션,민박,내국인,충청남도 당진시 신평면 매산로 192-1,1
프로방시아,민박,내국인,충청남도 당진시 신평면 매산로 150-5,1
합덕소풍농장,민박,내국인,충청남도 당진시 합덕읍 상나무배기길 11,1
훼미리펜션,민박,내국인,충청남도 당진시 석문면 난지2길 5-12,6
초락나루펜션민박,민박,내국인,충청남도 당진시 석문면 감목길 154,6
사랑펜션,민박,내국인,충청남도 당진시 석문면 난지2길 90-7,4
미소연,민박,내국인,충청남도 당진시 대호지면 4.4만세로 225-27,2
강골민박,민박,내국인,충청남도 당진시 석문면 대호만로 1930-34101호,2
환영,민박,내국인,충청남도 당진시 석문면 석문해안로 350-6,3
터미널,민박,내국인,충청남도 당진시 석문면 난지1길 355,4
만월,민박,내국인,충청남도 당진시 석문면 난지1길 357,6
서쪽마을,민박,내국인,충청남도 당진시 석문면 난지2길 5-6,7
왜목,민박,내국인,충청남도 당진시 석문면 석문해안로 20,3
해맞이,민박,내국인,충청남도 당진시 석문면 왜목길 11,4
대난지도민박식당,민박,내국인,충청남도 당진시 석문면 난지1길 329,7
왜목해돋이,민박,내국인,충청남도 당진시 석문면 대호만로 2129,5
바다랑해,민박,내국인,충청남도 당진시 석문면 장고항로 368-12,5
메종드라메르,민박,내국인,충청남도 당진시 석문면 석문해안로 19-6,7
우리,민박,내국인,충청남도 당진시 석문면 장고항로 287-11,5
떼라쎄,민박,내국인,충청남도 당진시 석문면 석문해안로 19-24,6
빛나네,민박,내국인,충청남도 당진시 석문면 난지1길 359-1,6
장고항,민박,내국인,충청남도 당진시 석문면 장고항로 369,4
해송원,민박,내국인,충청남도 당진시 석문면 석문해안로 19-24,5
한울,민박,내국인,충청남도 당진시 석문면 난지2길 90-20,4
해안선,민박,내국인,충청남도 당진시 석문면 장고항로 298-2,4
노적봉,민박,내국인,충청남도 당진시 석문면 장고항로 287-31,3
등대,민박,내국인,충청남도 당진시 석문면 장고항로 301,4
사계절,민박,내국인,충청남도 당진시 석문면 장고항로 272,4
바다와언덕,민박,내국인,충청남도 당진시 석문면 장고항로 287-7,4
선창,민박,내국인,충청남도 당진시 석문면 용무치길 17-13,2
산들바다,민박,내국인,충청남도 보령시 간드리2길 49-105,1
벚꽃향기민박,민박,내국인,충청남도 보령시 성주면 심원계곡로 245,1
바다펜션,민박,내국인,충청남도 보령시 해안로 677,4
씨즈더데이게스트하우스,민박,내국인,충청남도 보령시 웅천읍 열린바다로 315-38,4
휴비치,민박,내국인,충청남도 보령시 웅천읍 열린바다로 599-90,2
돌고래,민박,내국인,충청남도 보령시 간드리2길 75,1
바닷가,민박,내국인,충청남도 보령시 열린바다2길 32,2
호수마을,민박,내국인,충청남도 보령시 판미로 1092-9,1
미금빛,민박,내국인,충청남도 보령시 오천면 삽시도1길 49-47,1
미은빛,민박,내국인,충청남도 보령시 삽시도1길 49-43,5
회변민박,민박,내국인,충청남도 보령시 하학로 767,2
마스타,민박,내국인,충청남도 보령시 열린바다2길 26,3
베리굿,민박,내국인,충청남도 보령시 웅천읍 열린바다로 599-16,4
다래민박,민박,내국인,충청남도 보령시 청라면 상중길 241,2
히든빌리지,민박,내국인,충청남도 보령시 웅천읍 간드리3길 42-17,3
우농서원,민박,내국인,충청남도 보령시 남포면 야동1길 34-8,3
대일민박,민박,내국인,충청남도 보령시 천북면 하학로 746,4
가고파민박,민박,내국인,충청남도 보령시 천북면 하학로 748,3
파머스펜션,민박,내국인,충청남도 보령시 간드리1길 23,1
토정펜션,민박,내국인,충청남도 보령시 통나무마을2길 74,2
눈에띠네,민박,내국인,충청남도 보령시 웅천읍 간드리2길 49-101,3
꿈에그린펜션,민박,내국인,충청남도 보령시 웅천읍 간드리2길 49-84,3
삽시도통나무펜션,민박,내국인,충청남도 보령시 오천면 삽시도1길 67-10,1
소라민박,민박,내국인,충청남도 보령시 머드로 158,6
찬스호,민박,내국인,충청남도 보령시 천북면 사호장은로 502,2
휴안민박,민박,내국인,충청남도 보령시 웅천읍 죽청로 128,4
LARVA,민박,내국인,충청남도 보령시 열린바다로 484,1
LARVA2,민박,내국인,충청남도 보령시 열린바다로 484,2
모래위에,민박,내국인,충청남도 보령시 원산도6길 47-57,1
하늘숲,민박,내국인,충청남도 보령시 심원계곡로 206,2
어울림,민박,내국인,충청남도 보령시 웅천읍 간드리2길 63,1
대아오피스,민박,내국인,충청남도 보령시 대천항2길 66,4
하늘채펜션,민박,내국인,충청남도 보령시 간드리2길 49-68,2
홀뫼민박,민박,내국인,충청남도 보령시 열린바다로 581,1
독산레인보우펜션,민박,내국인,충청남도 보령시 열린바다로 587,1
스마일펜션,민박,내국인,충청남도 보령시 머드로 146,8
간드리마을민박,민박,내국인,충청남도 보령시 웅천읍 간드리2길 49-99,4
참좋은민박,민박,내국인,충청남도 보령시 간드리2길 49-77,2
즐거운집,민박,내국인,충청남도 보령시 간드리2길 63-7,1
라르고팜,민박,내국인,충청남도 보령시 주산벚꽃로 55,2
풍경소리,민박,내국인,충청남도 보령시 고사울길 54-19,3
비체하우스펜션,민박,내국인,충청남도 보령시 하학로 589-1,1
라움에디앙,민박,내국인,충청남도 보령시 절길 42,1
시인네집,민박,내국인,충청남도 보령시 서낭길 78,1
그섬아리민박,민박,내국인,충청남도 보령시 녹도1길 79,4
백제쉼터,민박,내국인,충청남도 보령시 먹방길 32-11,2
더반힐,민박,내국인,충청남도 보령시 오천해안로 557,5
별빛물든바다,민박,내국인,충청남도 보령시 남포면 열린바다로 82-25,3
사제스힐,민박,내국인,충청남도 보령시 남포면 열린바다로 82-21,3
사제스힐,민박,내국인,충청남도 보령시 남포면 열린바다로 82-17,3
물댄동산펜션A,민박,내국인,충청남도 보령시 통나무마을2길 68,1
물댄동산펜션B,민박,내국인,충청남도 보령시 통나무마을2길 68,1
보령머드솔향,민박,내국인,충청남도 보령시 천북면 사호장은로 563-5,2
솔안집,민박,내국인,충청남도 보령시 남포면 삼현소송길 467-106,1
바로빌리지B6,민박,내국인,충청남도 보령시 웅천읍 갓골1길 12-21,1
여기도글램핑펜션,민박,내국인,충청남도 보령시 성주면 심원계곡로 204,4
숲속의아침,민박,내국인,충청남도 보령시 성주면 심원계곡로 198,5
씨펜션,민박,내국인,충청남도 보령시 오천면 소도길1,7
펜션힐링캐슬,민박,내국인,충청남도 보령시 웅천읍 열린바다로 599-19,4
해변민박,민박,내국인,충청남도 보령시 천북면 사호장은로 517-171,3
늘소나무산장,민박,내국인,충청남도 보령시 성주면 심원계곡로 378,4
솔잎아래,민박,내국인,충청남도 보령시 오천면 원산도6길 47-59,3
류펜션민박,민박,내국인,충청남도 보령시 남포면 남포방조제로 407-102,4
동그라미,민박,내국인,충청남도 보령시 성주면 심원계곡로 237(),2
블루하이츠,민박,내국인,충청남도 보령시 남포면 열린바다로 82-67,3
행운민박,민박,내국인,충청남도 보령시 성주면 심원계곡로 189,1
오천항뉴펜션,민박,내국인,충청남도 보령시 오천면 솟재길 253,3
힐링민박,민박,내국인,충청남도 보령시 성주면 심원계곡로 237(),2
산호쉼터,민박,내국인,충청남도 보령시 성주면 심원계곡로 265,2
성주미니펜션,민박,내국인,충청남도 보령시 성주면 심원계곡로 281,5
간드리집,민박,내국인,충청남도 보령시 웅천읍 간드리2길 49-87,3
1박2일펜션,민박,내국인,충청남도 보령시 성주면 심원계곡로 384,5
바다노을,민박,내국인,충청남도 보령시 웅천읍 열린바다로 371-29,2
아름지,민박,내국인,충청남도 보령시 성주면 심원계곡로 550,5
태양펜션,민박,내국인,충청남도 보령시 천북면 하학로 705,3
안대머리민박,민박,내국인,충청남도 보령시 주산면 남전길 24-6,2
바로빌리지B4,민박,내국인,충청남도 보령시 웅천읍 갓골1길 12-17,1
바로빌리지B5,민박,내국인,충청남도 보령시 웅천읍 갓골1길 12-19,1
바로빌리지A4,민박,내국인,충청남도 보령시 웅천읍 갓골1길 12-16,2
이루펜션,민박,내국인,충청남도 보령시 웅천읍 간드리큰길 104-3,1
노을민박,민박,내국인,충청남도 보령시 오천면 외연도1길 191,1
성주우리쉼터,민박,내국인,충청남도 보령시 성주면 지게골길 101-31,1
오후의스케치북,민박,내국인,충청남도 보령시 웅천읍 간드리1길 5,3
대성낚시,민박,내국인,충청남도 보령시 천북면 하학로 781-1,1
갯마을,민박,내국인,충청남도 보령시 웅천읍 열린바다로 599-7,3
수루미,민박,내국인,충청남도 보령시 오천면 삽시도3길 65-11,4
섬을찾는사람들,민박,내국인,충청남도 보령시 오천면 소도길 3,4
준펜션,민박,내국인,충청남도 보령시 고잠2길 8-5,2
백운쉼터가든,민박,내국인,충청남도 보령시 성주면 심원계곡로 202,4
스웨덴하우스,민박,내국인,충청남도 보령시 청소면 송덕신송길 229-42,2
덴마크하우스,민박,내국인,충청남도 보령시 청소면 송덕신송길 229-42,2
핀란드하우스,민박,내국인,충청남도 보령시 청소면 송덕신송길 229-42,3
늘봄,민박,내국인,충청남도 보령시 성주면 심원계곡로 208,4
학성바다펜션,민박,내국인,충청남도 보령시 천북면 염생이길 88-35,1
글로리펜션,민박,내국인,충청남도 보령시 오천면 삽시도1길 159-8,4
하늘정원펜션,민박,내국인,충청남도 보령시 통나무마을3길 14,3
메이하우스,민박,내국인,충청남도 보령시 웅천읍 간드리큰길 104-7,3
동현,민박,내국인,충청남도 보령시 성주면 심원계곡로 190,1
편백하우스,민박,내국인,충청남도 보령시 성주면 심원계곡로 524,2
바로빌리지A5,민박,내국인,충청남도 보령시 웅천읍 갓골1길 12-18,2
갯바람,민박,내국인+외국인,충청남도 태안군 소원면 법산길 159,4
솔밭펜션,민박,내국인+외국인,충청남도 태안군 소원면 법산길 584-22,4
힐스톤,민박,내국인+외국인,충청남도 태안군 소원면 법산길 208,2
수수꽃다리펜션,민박,내국인+외국인,충청남도 태안군 안면읍 방포로 54-70,1
봉쓰리,민박,내국인+외국인,충청남도 태안군 안면읍 방포로 54-31,6
스마일펜션,민박,내국인+외국인,충청남도 태안군 안면읍 방포로 54-31,7
저녁노을,민박,내국인+외국인,충청남도 태안군 안면읍 방포로 54-50,4
산드리아펜션,민박,내국인+외국인,충청남도 태안군 안면읍 방포로 54-50,3
노라부러,민박,내국인+외국인,충청남도 태안군 안면읍 방포로 54-39,4
노벨,민박,내국인+외국인,충청남도 태안군 안면읍 방포로 54-39,5
티티카카,민박,내국인+외국인,충청남도 태안군 안면읍 방포로 54-28,5
그린빌-비,민박,내국인+외국인,충청남도 태안군 안면읍 방포로 54-39,4
펜션텔리앙,민박,내국인+외국인,충청남도 태안군 안면읍 방포로 54-30,3
솔내음,민박,내국인+외국인,충청남도 태안군 안면읍 방포로 54-33,5
베이스캠프,민박,내국인+외국인,충청남도 태안군 안면읍 방포로 94-37,1
향기고운Ⅱ,민박,내국인+외국인,충청남도 태안군 안면읍 방포1길 75-2,2
오션빌리지,민박,내국인+외국인,충청남도 태안군 안면읍 방포1길 110,7
리슈채,민박,내국인+외국인,충청남도 태안군 안면읍 방포 1길 85,7
노을진바다,민박,내국인+외국인,충청남도 태안군 안면읍 방포1길 87-2,7
바보성민박,민박,내국인+외국인,충청남도 태안군 안면읍 해안관광로 132,7
씨월드,민박,내국인+외국인,충청남도 태안군 안면읍 방포1길 116,7
파라다이스,민박,내국인+외국인,충청남도 태안군 안면읍 해안관광로 123,7
우정민박,민박,내국인+외국인,충청남도 태안군 안면읍 방포1길 120,5
향기고운,민박,내국인+외국인,충청남도 태안군 안면읍 해안관광로 113,7
해를품은바다,민박,내국인+외국인,충청남도 태안군 안면읍 방포1길 106,7
푸른바다,민박,내국인+외국인,충청남도 태안군 안면읍 방포항길 26-3,7
흑산도펜션,민박,내국인+외국인,충청남도 태안군 안면읍 방포항길 26,3
전망좋은민박,민박,내국인+외국인,충청남도 태안군 안면읍 방포항길 14-4,6
황해민박,민박,내국인+외국인,충청남도 태안군 안면읍 방포항길 4,7
해변민박,민박,내국인+외국인,충청남도 태안군 안면읍 방포항길 121-1,3
모드니에,민박,내국인+외국인,충청남도 태안군 안면읍 꽃지해안로 506-6,7
메리엘,민박,내국인+외국인,충청남도 태안군 안면읍 안면대로 2986-4,6
송죽가헌,민박,내국인+외국인,충청남도 태안군 안면읍 송림길 18-34,5
그린하우스,민박,내국인+외국인,충청남도 태안군 안면읍 송림길 18-25,6
그린민박,민박,내국인+외국인,충청남도 태안군 안면읍 해안관광로 392,2
장미빛인생,민박,내국인+외국인,충청남도 태안군 안면읍 꽃지2길 58-16,6
바람향기,민박,내국인+외국인,충청남도 태안군 안면읍 꽃지2길 30-11,7
모래민박,민박,내국인+외국인,충청남도 태안군 안면읍 밧개길 142-4,7
어울펜션,민박,내국인+외국인,충청남도 태안군 안면읍 꽃지2길 34-13,4
정든민박,민박,내국인+외국인,충청남도 태안군 안면읍 해안관광로 411-7,6
송림민박,민박,내국인+외국인,충청남도 태안군 안면읍 해안관광로 411-8,4
또와민박,민박,내국인+외국인,충청남도 태안군 안면읍 해안관광로 411-8,5
안면도민박,민박,내국인+외국인,충청남도 태안군 안면읍 해안관광로 429,6
화이트샌드,민박,내국인+외국인,충청남도 태안군 안면읍 해안관광로 435,4
소담펜션,민박,내국인+외국인,충청남도 태안군 안면읍 꽃지2길 33,6
대륜펜션,민박,내국인+외국인,충청남도 태안군 안면읍 꽃지2길 35-4,2
푸른정원펜션,민박,내국인+외국인,충청남도 태안군 안면읍 꽃지2길 37,5
티파니펜션,민박,내국인+외국인,충청남도 태안군 안면읍 꽃지2길 41-7,6
꽃지해송펜션,민박,내국인+외국인,충청남도 태안군 안면읍 꽃지2길 35-9,7
투앤투,민박,내국인+외국인,충청남도 태안군 안면읍 꽃지2길 35-16,4
썬캐슬Ⅰ,민박,내국인+외국인,충청남도 태안군 안면읍 꽃지2길 17-22,6
청산펜션,민박,내국인+외국인,충청남도 태안군 안면읍 꽃지2길 35-15,5
썬캐슬Ⅱ,민박,내국인+외국인,충청남도 태안군 안면읍 꽃지2길 35-9,7
바다여행,민박,내국인+외국인,충청남도 태안군 안면읍 꽃지2길 17-12,7
대나무펜션,민박,내국인+외국인,충청남도 태안군 안면읍 꽃지2길 25,7
사모의집,민박,내국인+외국인,충청남도 태안군 안면읍 꽃지2길 20,7
하늘에정원,민박,내국인+외국인,충청남도 태안군 안면읍 꽃지2길 17-5,5
해조음펜션,민박,내국인+외국인,충청남도 태안군 안면읍 꽃지2길 17-7,5
마법의성,민박,내국인+외국인,충청남도 태안군 안면읍 꽃지2길 17-1,3
에델바이스,민박,내국인+외국인,충청남도 태안군 안면읍 꽃지해안로 177-26,7
꽃지사랑,민박,내국인+외국인,충청남도 태안군 안면읍 꽃지2길 9,7
여름향기,민박,내국인+외국인,충청남도 태안군 안면읍 꽃지2길 10-5,5
맑은하늘,민박,내국인+외국인,충청남도 태안군 안면읍 꽃지2길 10-6,6
별님과바다,민박,내국인+외국인,충청남도 태안군 안면읍 꽃지해안로 172-3,7
뉴그린민박,민박,내국인+외국인,충청남도 태안군 안면읍 꽃지해안로 106-12,7
만리포해송펜션,민박,내국인+외국인,충청남도 태안군 소원면 만리포3길 3-12,8
라오사,민박,내국인+외국인,충청남도 태안군 소원면 만리포3길 3-13,6
이야기펜션,민박,내국인+외국인,충청남도 태안군 소원면 만리포3길 3-11,5
달빛펜션,민박,내국인+외국인,충청남도 태안군 소원면 만리포3길 3-7,6
플로리아,민박,내국인+외국인,충청남도 태안군 소원면 만리포3길 3-5,5
함씨민박,민박,내국인+외국인,충청남도 태안군 안면읍 안면읍 승언리 147,4
선아민박,민박,내국인+외국인,충청남도 태안군 안면읍 안면읍 승언리 1300,6
별이보이는펜션,민박,내국인+외국인,충청남도 태안군 안면읍 안면읍 중장리 5,6
천일민박,민박,내국인+외국인,충청남도 태안군 근흥면 근흥로 434-10,6
새나루쉼터,민박,내국인+외국인,충청남도 태안군 근흥면 마도길 86-17,7
하늘마루,민박,내국인+외국인,충청남도 태안군 근흥면 마도길 86-15,7
한적한민박,민박,내국인+외국인,충청남도 태안군 근흥면 마도길 94-26,6
바다여행,민박,내국인+외국인,충청남도 태안군 근흥면 마도길 84-41,7
바위섬,민박,내국인+외국인,충청남도 태안군 근흥면 마도길 86-35,7
여수민박,민박,내국인+외국인,충청남도 태안군 근흥면 신진도길 1-6,7
이레민박,민박,내국인+외국인,충청남도 태안군 근흥면 신진도길 13,7
서해민박,민박,내국인+외국인,충청남도 태안군 근흥면 신진도길 9-7,7
불꽃민박,민박,내국인+외국인,충청남도 태안군 근흥면 신진도길 5-9,7
신항민박,민박,내국인+외국인,충청남도 태안군 근흥면 신진부두길 82,7
바다와 파도소리,민박,내국인+외국인,충청남도 태안군 소원면 백리포길 39-4,7
씨엔스타,민박,내국인+외국인,충청남도 태안군 소원면 백리포길 54,5
산과바다사이,민박,내국인+외국인,충청남도 태안군 소원면 백리포길 58,6
영하펜션,민박,내국인+외국인,충청남도 태안군 소원면 개목길 8-6,7
바다펜션,민박,내국인+외국인,충청남도 태안군 소원면 송의로 745,5
피노키오,민박,내국인+외국인,충청남도 태안군 소원면 만리포2길 184,3
스카이펜션,민박,내국인+외국인,충청남도 태안군 남면 남면 원청리 130-3,4
나리와꽃창포,민박,내국인+외국인,충청남도 태안군 남면 별주부길 81-87,6
나리,민박,내국인+외국인,충청남도 태안군 남면 별주부길 81-96,3
청포대민박,민박,내국인+외국인,충청남도 태안군 남면 청포대길 57-90,7
수정펜션,민박,내국인+외국인,충청남도 태안군 남면 용궁길 97,5
사랑민박,민박,내국인+외국인,충청남도 태안군 남면 별주부길 136,6
청솔민박,민박,내국인+외국인,충청남도 태안군 남면 용궁길 106,7
모던186,민박,내국인+외국인,충청남도 태안군 남면 청포대길 28,3
모던186,민박,내국인+외국인,충청남도 태안군 남면 청포대길 24,7
모던186,민박,내국인+외국인,충청남도 태안군 남면 청포대길 22,5
칠갑산기와집,민박,내국인,충청남도 청양군 정산면 칠갑산로 1314,2
민박지천가든,민박,내국인,충청남도 청양군 장평면 까치내로 624-4,1
흥부네민박,민박,내국인,충청남도 청양군 대치면 사수터길 115-6,4
칠갑계곡펜션,민박,내국인,충청남도 청양군 대치면 돌모로길 212-10,3
칠갑산까치내 펜션,민박,내국인,충청남도 청양군 대치면 사수터길 63,1
고목정민박,민박,내국인,충청남도 청양군 대치면 칠갑산로 668-19,3
황금나무펜션,민박,내국인,충청남도 청양군 대치면 칠갑호길 208-13,1
황소민박,민박,내국인,충청남도 청양군 대치면 장곡길 85,5
칠갑산 계곡펜션,민박,내국인,충청남도 청양군 대치면 돌모로길 212-4,2
엘리시아,민박,내국인,충청남도 청양군 대치면 까치내로 1067-87,1
엘리시아민박,민박,내국인,충청남도 청양군 대치면 까치내로 1067-85,2
엘리시아연인민박,민박,내국인,충청남도 청양군 대치면 까치내로 1067-81,4
회룡대 별장펜션,민박,내국인,충청남도 청양군 대치면 지천구곡로 329,2
칠갑산하황토방,민박,내국인,충청남도 청양군 대치면 칠갑호길 323,5
까치내계곡펜션,민박,내국인,충청남도 청양군 대치면 까치내로 843,2
산골짜기민박,민박,내국인,충청남도 청양군 대치면 장곡길 143-54,4
칠갑산정자민박,민박,내국인,충청남도 청양군 대치면 장곡길 43-2,3
장곡민박산장,민박,내국인,충청남도 청양군 대치면 장곡길 191,1
송조농원,민박,내국인,충청남도 청양군 운곡면 방축길 181-6,1
고향민박,민박,내국인,충청남도 청양군 대치면 칠갑산로 668-143,3
바다마을민박,민박,내국인+외국인,충청남도 서천군 비인면 갯벌체험로 951,3
에덴펜션,민박,내국인+외국인,충청남도 서천군 비인면 갯벌체험로 452-7,6
쉼터민박,민박,내국인+외국인,충청남도 서천군 서면 춘장대로 88-20,4
추억가이드,민박,내국인+외국인,충청남도 서천군 서면 춘장대로 54,5
영민박,민박,내국인+외국인,충청남도 서천군 서면 서인로471번길 61-24,5
쌍도하우스,민박,내국인+외국인,충청남도 서천군 비인면 선도길 4,7
다솜민박,민박,내국인+외국인,충청남도 서천군 서면 월하성길 62,3
선도민박,민박,내국인+외국인,충청남도 서천군 비인면 갯벌체험로477번길 35,3
별바라보기민박,민박,내국인+외국인,충청남도 서천군 서면 서인로471번길 57,6
굿모닝펜션,민박,내국인+외국인,충청남도 서천군 비인면 칠지길 5-13,4
한창펜션,민박,내국인+외국인,충청남도 서천군 서면 춘장대길 6,7
체험민박,민박,내국인+외국인,충청남도 서천군 서면 월하성길 70,3
훈이네펜션,민박,내국인+외국인,충청남도 서천군 서면 홍원길31번길 24,3
한솔민박,민박,내국인+외국인,충청남도 서천군 서면 월하성길67번길 27-12,4
대자연펜션,민박,내국인+외국인,충청남도 서천군 서면 동중길 65,5
딱정벌레펜션,민박,내국인+외국인,충청남도 서천군 비인면 갯벌체험로 507,5
풀하우스펜션,민박,내국인+외국인,충청남도 서천군 비인면 갯벌체험로 941,4
솔향기펜션,민박,내국인+외국인,충청남도 서천군 서면 갯벌체험로48번길 65,4
마량민박,민박,내국인+외국인,충청남도 서천군 서면 서인로115번길 33,2
에벤에셀,민박,내국인+외국인,충청남도 서천군 서면 춘장대길 73,4
마당민박,민박,내국인+외국인,충청남도 서천군 문산면 신농길 49,1
솔마루펜션,민박,내국인+외국인,충청남도 서천군 서면 춘장대길 79-8,7
노은민박,민박,내국인+외국인,충청남도 서천군 서면 서인로471번길 61-1,3
오성펜션,민박,내국인+외국인,충청남도 서천군 서면 서인로471번길 61-21,5
바다풍경,민박,내국인+외국인,충청남도 서천군 서면 서인로471번길 61-17,6
덤장집민박,민박,내국인+외국인,충청남도 서천군 서면 월하성길 58,4
솔내음민박,민박,내국인+외국인,충청남도 서천군 서면 춘장대로 165,6
해돋이민박,민박,내국인+외국인,충청남도 서천군 서면 서인로131번길 5-8,7
바다에황토펜션,민박,내국인+외국인,충청남도 서천군 서면 월하성길67번길 28-21,3
해성펜션,민박,내국인+외국인,충청남도 서천군 종천면 갯벌체험로 1212-92,2
사랑이네펜션,민박,내국인+외국인,충청남도 서천군 비인면 선도길 74,1
아라펜션,민박,내국인+외국인,충청남도 서천군 서면 춘장대로 135-1,5
드림하우스,민박,내국인+외국인,충청남도 서천군 비인면 갯벌체험로 417-26,5
은혜펜션,민박,내국인+외국인,충청남도 서천군 서면 서인로225번길 6-1,5
뉴해송펜션,민박,내국인+외국인,충청남도 서천군 서면 갯벌체험로48번길 69,4
해송펜션,민박,내국인+외국인,충청남도 서천군 서면 갯벌체험로48번길 67,4
시몬펜션,민박,내국인+외국인,충청남도 서천군 서면 월하성길67번길 9,4
바다해물나라민박,민박,내국인+외국인,충청남도 서천군 비인면 갯벌체험로 374,5
노을민박,민박,내국인+외국인,충청남도 서천군 비인면 갯벌체험로 580,7
서천휴리조트펜션 칸딘스키동,민박,내국인+외국인,충청남도 서천군 장항읍 장항산단로34번길 60-12,6
서천휴리조트펜션 고갱동,민박,내국인+외국인,충청남도 서천군 장항읍 장항산단로34번길 57-3,6
서천휴리조트펜션 모네동,민박,내국인+외국인,충청남도 서천군 장항읍 신화송로130번길 76-28,6
서천휴리조트펜션 클림트동,민박,내국인+외국인,충청남도 서천군 장항읍 신화송로130번길 76-30,6
서천휴리조트펜션 피카소동,민박,내국인+외국인,충청남도 서천군 장항읍 신화송로130번길 76-26,5
서천휴리조트펜션 고흐동,민박,내국인+외국인,충청남도 서천군 장항읍 장항산단로34번길 57-3,6
아리랜드,민박,내국인+외국인,충청남도 서천군 마서면 합전길68번길 21,2
다옴리조트펜션,민박,내국인+외국인,충청남도 서천군 장항읍 장항산단로34번길 63,6
서천휴리조트펜션 샤갈동,민박,내국인+외국인,충청남도 서천군 장항읍 장항산단로34번길 57-2,4
서천휴리조트펜션 몬드리안동,민박,내국인+외국인,충청남도 서천군 장항읍 장항산단로34번길 57-1,6
아담스레펜션,민박,내국인+외국인,충청남도 서천군 서면 춘장대로 125,2
씨가든,민박,내국인+외국인,충청남도 서천군 비인면 갯벌체험로 780,4
아름다운펜션,민박,내국인+외국인,충청남도 서천군 서면 서인로 285,5
건연펜션,민박,내국인+외국인,충청남도 서천군 서면 서인로471번길 61-15,2
미성민박,민박,내국인+외국인,충청남도 서천군 서면 홍원길87번길 2,4
해밀펜션,민박,내국인+외국인,충청남도 서천군 서면 춘장대로 138-1,7
한옥민박,민박,내국인+외국인,충청남도 서천군 화양면 활산로57번길 23,1
고수록,민박,내국인+외국인,충청남도 서천군 비인면 갯벌체험로 452-7,2
미담민박,민박,내국인+외국인,충청남도 서천군 비인면 갯벌체험로936번길 5,4
하임마르펜션,민박,내국인+외국인,충청남도 서천군 비인면 칠지길 5-2,2
엘림펜션,민박,내국인+외국인,충청남도 서천군 비인면 갯벌체험로 492-10,6
아띠하우스펜션,민박,내국인+외국인,충청남도 서천군 서면 갯벌체험로48번길 20-14,1
바다의아침민박,민박,내국인+외국인,충청남도 서천군 비인면 갯벌체험로 939,3
마량포해비치민박,민박,내국인+외국인,충청남도 서천군 서면 서인로 228-30,6
클로버펜션,민박,내국인+외국인,충청남도 서천군 비인면 선도길1번길 67,3
엣지민박,민박,내국인+외국인,충청남도 서천군 비인면 갯벌체험로 402-1,5
풍차민박하우스,민박,내국인+외국인,충청남도 서천군 비인면 갯벌체험로 402-1,4
수명민박,민박,내국인+외국인,충청남도 서천군 서면 서인로 224-7,5
서천바다향기펜션,민박,내국인+외국인,충청남도 서천군 종천면 갯벌체험로1152번길 36-72,7
아트스테이 노란달팽이,민박,내국인+외국인,충청남도 서천군 한산면 한산모시길38번길 17-4,1
그린펜션,민박,내국인+외국인,충청남도 서천군 종천면 갯벌체험로 1212-78,4
민지네펜션,민박,내국인+외국인,충청남도 서천군 서면 갯벌체험로 308,7
그곳에반하다펜션,민박,내국인+외국인,충청남도 서천군 장항읍 장항산단로34번길 40,1
로뎀의집민박,민박,내국인+외국인,충청남도 서천군 장항읍 장항산단로34번길 70,3
동백해비치,민박,내국인+외국인,충청남도 서천군 서면 서인로 228-34,5
동백해돋이펜션,민박,내국인+외국인,충청남도 서천군 서면 서인로 297-3,6
휴하우스민박,민박,내국인+외국인,충청남도 서천군 마서면 옥도로498번길 19-20,2
늘푸른캠핑장민박,민박,내국인+외국인,충청남도 서천군 마서면 장천로 905-20,2
라온펠리스 펜션,민박,내국인+외국인,충청남도 서천군 서면 춘장대길 8번길 34,5
산마늘이사는펜션,민박,내국인+외국인,충청남도 서천군 문산면 금구길 155-131,2
송림해안가민박,민박,내국인+외국인,충청남도 서천군 장항읍 신화송로 130번길 60-22,2
선셋펜션,민박,내국인+외국인,충청남도 서천군 장항읍 장항산단로 3-3,4
토박이민박,민박,내국인+외국인,충청남도 서천군 한산면 충절로 1148번길 13,2
냅둬유민박,민박,내국인+외국인,충청남도 서천군 판교면 대백제로 2171번길 59,2
뜰안,민박,내국인+외국인,충청남도 서천군 비인면 선도길 24,1
벧엘민박,민박,내국인+외국인,충청남도 서천군 서면 춘장대길 8번길 42,6
중앙펜션,민박,내국인+외국인,충청남도 서천군 서면 춘장대로 149,8
노을펜션,민박,내국인+외국인,충청남도 서천군 장항읍 장항산단로 3-3,4
에덴파크,민박,내국인+외국인,충청남도 서천군 서면 서인로 272,6
won''s 팜스테이 민박,민박,내국인+외국인,충청남도 논산시 채운면 채운로431번길 50-8,2
행복마을,민박,내국인+외국인,충청남도 논산시 벌곡면 수락로 46-11,1
울엄마 민박,민박,내국인+외국인,충청남도 논산시 연무읍 금곡2길 36-6,2
소풍가는 날,민박,내국인+외국인,충청남도 논산시 양촌면 중산2길 31-34,2
패밀리아,민박,내국인+외국인,충청남도 논산시 벌곡면 수락로237번길 172,2
탑정호 예가펜션,민박,내국인+외국인,충청남도 논산시 부적면 충곡로277번길 3-125,1
탑정호 출렁다리,민박,내국인+외국인,충청남도 논산시 부적면 충곡로277번길 3-93,3
션샤인,민박,내국인+외국인,충청남도 논산시 연무읍 진등길 21,4
한빛,민박,내국인+외국인,충청남도 논산시 연무읍 연무로 268-6,1
아리민박,민박,내국인+외국인,충청남도 논산시 연무읍 득안대로 559,4
논산훈련소민박,민박,내국인+외국인,충청남도 논산시 연무읍 황화로 360,6
딸기민박,민박,내국인+외국인,충청남도 논산시 연무읍 황화정1길 10-13,3
원드민박,민박,내국인+외국인,충청남도 논산시 연산면 청동로3길 96,7
휴랑민박,민박,내국인+외국인,충청남도 논산시 연무읍 연무로133번길 82,4
애플팜민박,민박,내국인+외국인,충청남도 논산시 연무읍 황화로 293,1
감나무 민박,민박,내국인+외국인,충청남도 논산시 연무읍 진등2길 10,4
꾸나 민박,민박,내국인+외국인,충청남도 논산시 연무읍 황화정길 28,7
오분 민박,민박,내국인+외국인,충청남도 논산시 연무읍 득안대로 464-15,4
에파코팜,민박,내국인+외국인,충청남도 논산시 가야곡면 가야목곡길 175,8
공원,민박,내국인+외국인,충청남도 논산시 연무읍 금곡2길 3,2
랄라민박,민박,내국인+외국인,충청남도 논산시 연무읍 황화정길 20-1,6
레이크 민박,민박,내국인+외국인,충청남도 논산시 연무읍 고내곡로 296,6
원가네,민박,내국인+외국인,충청남도 논산시 채운면 채운로431번길 50-8,2
서라벌펜션,민박,내국인+외국인,충청남도 논산시 연무읍 연무로404번길 17-7,7
서울댁 민박,민박,내국인+외국인,충청남도 논산시 양촌면 신기길 157-14,2
열린민박,민박,내국인+외국인,충청남도 논산시 연무읍 연무로404번길 17-9,6
소풍민박,민박,내국인+외국인,충청남도 논산시 연무읍 득안대로 481-26,8
소망민박,민박,내국인+외국인,충청남도 논산시 연무읍 금곡2길 30,3
카라스민박,민박,내국인+외국인,충청남도 논산시 연무읍 왕릉로48번길 24-1,2
다솔마루,민박,내국인+외국인,충청남도 논산시 연무읍 동안로950번길 42-5,3
탑정호가,민박,내국인+외국인,충청남도 논산시 가야곡면 탑정로 1047-11,3
소담민박,민박,내국인+외국인,충청남도 논산시 연무읍 황화로310번길 15,3
별빛마루,민박,내국인+외국인,충청남도 논산시 벌곡면 대둔로 974,3
올레민박,민박,내국인+외국인,충청남도 논산시 연무읍 금곡길 47-7,4
호수와노을민박,민박,내국인+외국인,충청남도 논산시 부적면 신풍길 50-4,3
스카이민박,민박,내국인+외국인,충청남도 논산시 연무읍 동안로887번길 20-6,3
마당골민박,민박,내국인+외국인,충청남도 논산시 벌곡면 만어1길 164,3
어울림게스트하우스민박,민박,내국인+외국인,충청남도 논산시 양촌면 중산길 146,3
논산수지펜션민박,민박,내국인+외국인,충청남도 논산시 연무읍 진등길 76,2
언덕위에하얀집,민박,내국인+외국인,충청남도 논산시 연무읍 연무로 313-28,4
사랑채,민박,내국인+외국인,충청남도 논산시 연무읍 금곡2길 27-1,3
금곡,민박,내국인+외국인,충청남도 논산시 연무읍 황화정1길 15,4
호두나무,민박,내국인+외국인,충청남도 논산시 연무읍 진등길 19-1,3
왕릉민박,민박,내국인+외국인,충청남도 논산시 연무읍 왕릉로106번길 6,4
양촌민박,민박,내국인+외국인,충청남도 논산시 양촌면 신기길 159-1,3
느티나무민박,민박,내국인+외국인,충청남도 논산시 연무읍 득안대로 372-10,5
은하수펜션민박,민박,내국인+외국인,충청남도 논산시 연무읍 진등길 27,2
연산민박,민박,내국인+외국인,충청남도 논산시 연산면 청동로3길 94-1,2
사계절민박,민박,내국인+외국인,충청남도 논산시 연무읍 황화정길 18,4
휴가펜션민박,민박,내국인+외국인,충청남도 논산시 연무읍 연무로381번길 9-1,6
씨크릿민박,민박,내국인+외국인,충청남도 논산시 연무읍 득안대로 372-6,5
들꽃펜션민박,민박,내국인+외국인,충청남도 논산시 연무읍 금곡2길 65,3
쉼마루,민박,내국인+외국인,충청남도 논산시 벌곡면 수락계곡길 167,4
청원펜션,민박,내국인+외국인,충청남도 논산시 연무읍 진등1길 32,5
항아리,민박,내국인+외국인,충청남도 논산시 연무읍 황화로 364,3
어울림,민박,내국인+외국인,충청남도 논산시 연무읍 황화로 288,6
쉴만한물가,민박,내국인+외국인,충청남도 논산시 연무읍 죽림동길 56-30,1
수호펜션,민박,내국인+외국인,충청남도 논산시 연무읍 득안대로 372-5,3
예다움사랑채,민박,내국인+외국인,충청남도 논산시 벌곡면 수락계곡길 232-55,2
우수호펜션,민박,내국인+외국인,충청남도 논산시 연무읍 득안대로 372-9,3
커피펜션민박,민박,내국인+외국인,충청남도 논산시 연무읍 득안대로 447,3
계백쉼터,민박,내국인+외국인,충청남도 논산시 부적면 충곡로 371-14,1
꽃담민박,민박,내국인+외국인,충청남도 논산시 연무읍 수철길 79,6
논산훈련소우리집펜션,민박,내국인+외국인,충청남도 논산시 연무읍 황화로 360,4
정다운민박,민박,내국인+외국인,충청남도 논산시 연무읍 금곡길 100,5
대둔산빌리지,민박,내국인+외국인,충청남도 논산시 벌곡면 수락계곡길 58,4
윤대감,민박,내국인+외국인,충청남도 논산시 연무읍 득안대로 390-1,4
초록나무민박,민박,내국인+외국인,충청남도 논산시 양촌면 바랑산1길 176,3
나무애,민박,내국인+외국인,충청남도 논산시 연산면 선비로821번길 18-5,2
산골이야기,민박,내국인+외국인,충청남도 논산시 벌곡면 수락로 20-7,3
유토피아,민박,내국인+외국인,충청남도 논산시 벌곡면 수락로 669-54,5
양촌랜드,민박,내국인+외국인,충청남도 논산시 양촌면 황산벌로 189-19,4
물안재,민박,내국인+외국인,충청남도 논산시 벌곡면 매죽헌로 2276-8,2
아리아,민박,내국인+외국인,충청남도 논산시 벌곡면 수락계곡2길 77-6,6
경복궁,민박,내국인+외국인,충청남도 논산시 벌곡면 수락계곡2길 77-4,2
윤증고택,민박,내국인+외국인,충청남도 논산시 노성면 노성산성길 50,6
수락민박,민박,내국인+외국인,충청남도 논산시 벌곡면 수락계곡길 181-8,5
힐스테이,민박,내국인+외국인,충청남도 논산시 벌곡면 수락로237번길 137-30,5
우리집,민박,내국인+외국인,충청남도 논산시 노성면 명재로560번길 37,2
바랑산,민박,내국인+외국인,충청남도 논산시 양촌면 바랑산2길 51,2
벤자민,민박,내국인+외국인,충청남도 논산시 양촌면 바랑산1길 188-12,4
논산관광농원,민박,내국인+외국인,충청남도 논산시 관촉로58번길 7,3
솔마루,민박,내국인+외국인,충청남도 논산시 상월면 대촌1길 47-9,3
산앤들,민박,내국인+외국인,충청남도 논산시 연산면 충곡로 492,1
산아름펜션,민박,내국인,충청남도 아산시 송악면 종곡길 96번길 104,3
산아름펜션,민박,내국인,충청남도 아산시 송악면 종곡길 96번길 104,3
계곡산천,민박,내국인,충청남도 아산시 송악면 종곡길 96번길 96,2
풍경마루,민박,내국인,충청남도 아산시 송악면 종곡길 96번길 94,3
초원하우스,민박,내국인,충청남도 아산시 송악면 종곡길 96번길 81-2,3
산이랑 민박,민박,내국인,충청남도 아산시 송악면 종곡길 96번길 69-10,4
아르미스,민박,내국인,충청남도 아산시 송악면 종곡길 77,3
햇살내리는 민박,민박,내국인,충청남도 아산시 송악면 종곡길 131,5
아산청풍농장펜션,민박,내국인,충청남도 아산시 송악면 마곡길 112번길 218-1,2
아산청풍펜션,민박,내국인,충청남도 아산시 송악면 마곡길 112번길 218-2,2
청풍마을펜션,민박,내국인,충청남도 아산시 송악면 마곡길 112번길 228,2
아산푸른민박,민박,내국인,충청남도 아산시 송악면 마곡길 112번길 128,2
다모아 펜션,민박,내국인,충청남도 아산시 송악면 마곡길 208,3
밤나무계곡민박,민박,내국인,충청남도 아산시 송악면 강당로 380번길 7-10,5
송악 저수지 민박,민박,내국인,충청남도 아산시 송악면 외암로 653-16,3
폭포산장펜션,민박,내국인,충청남도 아산시 송악면 강당로 445,4
마하나임,민박,내국인,충청남도 아산시 송악면 강당로 243,2
숲속유원지,민박,내국인,충청남도 아산시 송악면 강당로 177번길 103,3
소풍,민박,내국인,충청남도 아산시 송악면 강당로 207,5
안녕 휴식을 부탁해,민박,내국인,충청남도 아산시 송악면 송악저수지길 287-17,2
황토사랑나무야,민박,내국인,충청남도 아산시 송악면 강당로 119번길 29,2
솔빛펜션,민박,내국인,충청남도 아산시 배방읍 고불로 179,3
풍덕고택,민박,내국인,충청남도 아산시 송악면 외암민속길 20-17,2
원두막집민박,민박,내국인,충청남도 아산시 송악면 외암민속길 8번길 19-7,1
연자방아 민박,민박,내국인,충청남도 아산시 송악면 외암민속길 42-12,1
할아버지네 민박,민박,내국인,충청남도 아산시 송악면 외암민속길 42-6,1
덕현이네 민박,민박,내국인,충청남도 아산시 송악면 외암민속길 23-1,2
마을 첫집,민박,내국인,충청남도 아산시 송악면 외암민속길 11,1
생활관,민박,내국인,충청남도 아산시 송악면 외암민속길 42-7,4
참판댁민박,민박,내국인,충청남도 아산시 송악면 외암민속길 42-15,1
신창댁민박,민박,내국인,충청남도 아산시 송악면 외암민속길 19-5,2
숲속민박,민박,내국인,충청남도 아산시 송악면 외암민속길 9번길 7,2
교수대민박,민박,내국인,충청남도 아산시 송악면 외암민속길 9번길 27,1
하서원 민박,민박,내국인,충청남도 아산시 송악면 외암민속길 9번길 13-6,2
더 그 린,민박,내국인,충청남도 아산시 도고면 도고산로 511번길 53,4
별밤 펜션,민박,내국인,충청남도 아산시 배방읍 호서로 118-9,7
그림하우스,민박,내국인,충청남도 아산시 도고면 도고저수지길 138,2
민들레,민박,내국인,충청남도 아산시 도고면 아산만로 35번길 111,1
설화산펜션,민박,내국인,충청남도 아산시 배방읍 고불로 651-37,1
한옥민박 사계절,민박,내국인,충청남도 아산시 음봉로 415번길 28,1
이시돌쉼터,민박,내국인,충청남도 아산시 영인면 여민루길 83-28,2
줄울민박,민박,내국인,충청남도 아산시 음봉면 음봉로 337번길 7-115,4
정다운 펜션,민박,내국인,충청남도 아산시 인주면 현대로 1115-7,2
피사모아,민박,내국인,충청남도 아산시 음봉면 아산온천로 377-23,3
문솔농장 민박,민박,내국인,충청남도 아산시 영인면 고룡산로 588-32,3
원골 농원,민박,내국인,충청남도 아산시 둔포면 관대안길 62-4,2
곰 하우스,민박,내국인,충청남도 아산시 도고면 도고산로 587번길 133-5,2
솔뫼집민박,민박,내국인,충청남도 아산시 송악면 외암민속길 16,1
느티나무,민박,내국인,충청남도 아산시 송악면 외암민속길 17,3
병사댁,민박,내국인,충청남도 아산시 송악면 외암민속길 52-5,1
주부댁,민박,내국인,충청남도 아산시 송악면 외암민속길 64,2
창표네민박,민박,내국인,충청남도 아산시 송악면 외암민속길 8번길 19-5,2
계곡산천,민박,내국인,충청남도 아산시 송악면 종곡길 96번길 96,2
풍경마루,민박,내국인,충청남도 아산시 송악면 종곡길 96번길 94,3
초원하우스,민박,내국인,충청남도 아산시 송악면 종곡길 96번길 81-2,3
산이랑 민박,민박,내국인,충청남도 아산시 송악면 종곡길 96번길 69-10,4
아르미스,민박,내국인,충청남도 아산시 송악면 종곡길 77,3
햇살내리는 민박,민박,내국인,충청남도 아산시 송악면 종곡길 131,5
아산청풍농장펜션,민박,내국인,충청남도 아산시 송악면 마곡길 112번길 218-1,2
아산청풍펜션,민박,내국인,충청남도 아산시 송악면 마곡길 112번길 218-2,2
청풍마을펜션,민박,내국인,충청남도 아산시 송악면 마곡길 112번길 228,2
아산푸른민박,민박,내국인,충청남도 아산시 송악면 마곡길 112번길 128,2
다모아 펜션,민박,내국인,충청남도 아산시 송악면 마곡길 208,3
밤나무계곡민박,민박,내국인,충청남도 아산시 송악면 강당로 380번길 7-10,5
송악 저수지 민박,민박,내국인,충청남도 아산시 송악면 외암로 653-16,3
폭포산장펜션,민박,내국인,충청남도 아산시 송악면 강당로 445,4
마하나임,민박,내국인,충청남도 아산시 송악면 강당로 243,2
숲속유원지,민박,내국인,충청남도 아산시 송악면 강당로 177번길 103,3
소풍,민박,내국인,충청남도 아산시 송악면 강당로 207,5
안녕 휴식을 부탁해,민박,내국인,충청남도 아산시 송악면 송악저수지길 287-17,2
황토사랑나무야,민박,내국인,충청남도 아산시 송악면 강당로 119번길 29,2
솔빛펜션,민박,내국인,충청남도 아산시 배방읍 고불로 179,3
풍덕고택,민박,내국인,충청남도 아산시 송악면 외암민속길 20-17,2
원두막집민박,민박,내국인,충청남도 아산시 송악면 외암민속길 8번길 19-7,1
연자방아 민박,민박,내국인,충청남도 아산시 송악면 외암민속길 42-12,1
할아버지네 민박,민박,내국인,충청남도 아산시 송악면 외암민속길 42-6,1
덕현이네 민박,민박,내국인,충청남도 아산시 송악면 외암민속길 23-1,2
마을 첫집,민박,내국인,충청남도 아산시 송악면 외암민속길 11,1
생활관,민박,내국인,충청남도 아산시 송악면 외암민속길 42-7,4
참판댁민박,민박,내국인,충청남도 아산시 송악면 외암민속길 42-15,1
신창댁민박,민박,내국인,충청남도 아산시 송악면 외암민속길 19-5,2
숲속민박,민박,내국인,충청남도 아산시 송악면 외암민속길 9번길 7,2
교수대민박,민박,내국인,충청남도 아산시 송악면 외암민속길 9번길 27,1
하서원 민박,민박,내국인,충청남도 아산시 송악면 외암민속길 9번길 13-6,2
더 그 린,민박,내국인,충청남도 아산시 도고면 도고산로 511번길 53,4
별밤 펜션,민박,내국인,충청남도 아산시 배방읍 호서로 118-9,7
그림하우스,민박,내국인,충청남도 아산시 도고면 도고저수지길 138,2
민들레,민박,내국인,충청남도 아산시 도고면 아산만로 35번길 111,1
설화산펜션,민박,내국인,충청남도 아산시 배방읍 고불로 651-37,1
한옥민박 사계절,민박,내국인,충청남도 아산시 음봉로 415번길 28,1
이시돌쉼터,민박,내국인,충청남도 아산시 영인면 여민루길 83-28,2
줄울민박,민박,내국인,충청남도 아산시 음봉면 음봉로 337번길 7-115,4
정다운 펜션,민박,내국인,충청남도 아산시 인주면 현대로 1115-7,2
피사모아,민박,내국인,충청남도 아산시 음봉면 아산온천로 377-23,3
문솔농장 민박,민박,내국인,충청남도 아산시 영인면 고룡산로 588-32,3
원골 농원,민박,내국인,충청남도 아산시 둔포면 관대안길 62-4,2
곰 하우스,민박,내국인,충청남도 아산시 도고면 도고산로 587번길 133-5,2
솔뫼집민박,민박,내국인,충청남도 아산시 송악면 외암민속길 16,1
느티나무,민박,내국인,충청남도 아산시 송악면 외암민속길 17,3
병사댁,민박,내국인,충청남도 아산시 송악면 외암민속길 52-5,1
용고랑,민박,내국인+외국인,충청남도 예산군 응봉면 예당관광로 244,4
예당공원,민박,내국인+외국인,충청남도 예산군 대흥면 예당로 876,1
피플앤도그힐링,민박,내국인+외국인,충청남도 예산군 신양면 귀곡동절길 28,1
정원동,민박,내국인+외국인,충청남도 예산군 덕산면 대치남길 15,5
덕산마루,민박,내국인+외국인,충청남도 예산군 덕산면 덕산온천로 23-32 3동,3
노블레스팬션,민박,내국인+외국인,충청남도 예산군 응봉면 예당로 1127,5
연산재,민박,내국인+외국인,충청남도 예산군 덕산면 대치광천길 42-28,2
산골펜션,민박,내국인+외국인,충청남도 예산군 덕산면 가야산로 373,1
채운산방,민박,내국인+외국인,충청남도 예산군 덕산면 수덕사로 766-56,2
빛트인,민박,내국인+외국인,충청남도 예산군 응봉면 입침이목길 27-16,2
아뜰리에 7,민박,내국인+외국인,충청남도 예산군 덕산면 대치6길 31,5
산마루,민박,내국인+외국인,충청남도 예산군 덕산면 덕산온천로 23-32,3
대흥민박,민박,내국인+외국인,충청남도 예산군 대흥면 예당로 813-7,3
해피트리,민박,내국인+외국인,충청남도 예산군 덕산면 대치남길 15-10,2
참살이황토집,민박,내국인+외국인,충청남도 예산군 대흥면 동서길 86,3
해피죤,민박,내국인+외국인,충청남도 예산군 덕산면 덕산향교길 102,4
들샘,민박,내국인+외국인,충청남도 예산군 덕산면 대치남길 5-15,5
도고휴펜션,민박,내국인+외국인,충청남도 예산군 예산읍 벚꽃로 290,2
숲과집,민박,내국인+외국인,충청남도 예산군 삽교읍 삽교역로 89,2
자연이야기,민박,내국인+외국인,충청남도 예산군 대흥면 대률송림길 135-6,3
아리아,민박,내국인+외국인,충청남도 예산군 덕산면 대치6길 37,3
G펜션,민박,내국인+외국인,충청남도 예산군 응봉면 예당관광로 252,3
수덕황토집,민박,내국인+외국인,충청남도 예산군 덕산면 사천1길 17,3
솔향기,민박,내국인+외국인,충청남도 예산군 덕산면 대치남길 25,2
하늘채펜션,민박,내국인+외국인,충청남도 예산군 덕산면 대치5길 25,2
양천,민박,내국인+외국인,충청남도 예산군 응봉면 예당관광로 244,3
숲속,민박,내국인+외국인,충청남도 예산군 덕산면 대치6길 45 펜션,1
숲속의정원,민박,내국인+외국인,충청남도 예산군 덕산면 대치6길 46,4
하늘정원,민박,내국인+외국인,충청남도 예산군 덕산면 대동2길 49,1
알콩달콩,민박,내국인+외국인,충청남도 예산군 덕산면 수덕사로 759-10,3
스파휴먼밸리,민박,내국인+외국인,충청남도 예산군 덕산면 온천단지3로 42-8,4
M펜션,민박,내국인+외국인,충청남도 예산군 응봉면 예당관광로 252,3
나운리조트숲속동,민박,내국인+외국인,충청남도 예산군 덕산면 대치남길 15-1,5
가야산펜션,민박,내국인+외국인,충청남도 예산군 덕산면 남은들로 68,5
덕산오아시스,민박,내국인+외국인,충청남도 예산군 덕산면 대치남길 28,3
예당노블레스,민박,내국인+외국인,충청남도 예산군 응봉면 예당로 1127,3
제일민박,민박,내국인+외국인,충청남도 예산군 응봉면 입침이목길 49-23,3
좋은,민박,내국인+외국인,충청남도 예산군 응봉면 입침이목길 49-21,1
예당글로리아,민박,내국인+외국인,충청남도 예산군 대흥면 임존성길 64,6
숲의동화,민박,내국인+외국인,충청남도 예산군 덕산면 가야산로 442-11,1
호반팬션,민박,내국인+외국인,충청남도 예산군 대흥면 예당로 781-14,4
황토,민박,내국인+외국인,충청남도 예산군 덕산면 가루실길 123-5,4
오리장,민박,내국인+외국인,충청남도 예산군 대흥면 예당로 765,3
예촌사랑,민박,내국인+외국인,충청남도 예산군 응봉면 예당관광로 205,5
돌고래,민박,내국인+외국인,충청남도 예산군 응봉면 예당관광로 180,4
가야산노블레스,민박,내국인+외국인,충청남도 예산군 덕산면 남은들로 68,5
